{
  "lang":"en",
  "name":"pipeline",
  "version":"0.0.0",
  "spacy_version":">=3.6.1,<3.7.0",
  "description":"",
  "author":"",
  "email":"",
  "url":"",
  "license":"",
  "spacy_git_version":"458bc5f45",
  "vectors":{
    "width":300,
    "vectors":514157,
    "keys":514157,
    "name":"en_vectors",
    "mode":"default"
  },
  "labels":{
    "tok2vec":[

    ],
    "ner":[
      "COLLEGE",
      "COMPANY",
      "CONTACT",
      "DEGREE",
      "LOCATION",
      "NAME",
      "OTHERS",
      "SKILLS",
      "TIMEPERIOD",
      "TITLE",
      "YEARS"
    ]
  },
  "pipeline":[
    "tok2vec",
    "ner"
  ],
  "components":[
    "tok2vec",
    "ner"
  ],
  "disabled":[

  ],
  "performance":{
    "ents_f":0.9729910864,
    "ents_p":0.9780382646,
    "ents_r":0.9679957328,
    "ents_per_type":{
      "NAME":{
        "p":0.9898989899,
        "r":0.98,
        "f":0.9849246231
      },
      "TITLE":{
        "p":0.9862842893,
        "r":0.9717444717,
        "f":0.978960396
      },
      "COMPANY":{
        "p":0.9841986456,
        "r":0.9571899012,
        "f":0.9705063996
      },
      "LOCATION":{
        "p":0.9920634921,
        "r":0.9920634921,
        "f":0.9920634921
      },
      "CONTACT":{
        "p":0.8141891892,
        "r":0.9958677686,
        "f":0.8959107807
      },
      "YEARS":{
        "p":0.9954954955,
        "r":0.9778761062,
        "f":0.9866071429
      },
      "TIMEPERIOD":{
        "p":0.9776422764,
        "r":0.9007490637,
        "f":0.9376218324
      },
      "DEGREE":{
        "p":0.981981982,
        "r":1.0,
        "f":0.9909090909
      },
      "COLLEGE":{
        "p":0.9956140351,
        "r":0.9956140351,
        "f":0.9956140351
      },
      "SKILLS":{
        "p":0.9836339345,
        "r":0.96875,
        "f":0.9761352337
      },
      "OTHERS":{
        "p":0.9230769231,
        "r":0.9230769231,
        "f":0.9230769231
      }
    },
    "tok2vec_loss":315.3489901514,
    "ner_loss":962.9301514893
  }
}