{
  "lang":"en",
  "name":"pipeline",
  "version":"0.0.0",
  "spacy_version":">=3.6.0,<3.7.0",
  "description":"",
  "author":"",
  "email":"",
  "url":"",
  "license":"",
  "spacy_git_version":"6fc153a26",
  "vectors":{
    "width":300,
    "vectors":514157,
    "keys":514157,
    "name":"en_vectors",
    "mode":"default"
  },
  "labels":{
    "tok2vec":[

    ],
    "ner":[
      "ABC",
      "ADDRESS",
      "CAN RELOCATE TO",
      "CERTIFICATIONS",
      "COLLEGE",
      "COLLEGE NAME",
      "COMPANIES WORKED AT",
      "DEGREE",
      "DES",
      "DESIGNATION",
      "EMAIL ADDRESS",
      "GRADUATION YEAR",
      "LINKS",
      "LOCATION",
      "NAME",
      "PROJECTS",
      "RELOCATE TO",
      "REWARDS AND ACHIEVEMENTS",
      "SKILLS",
      "STATE",
      "TRAINING",
      "UNIVERSITY",
      "UNKNOWN",
      "YEARS OF EXPERIENCE"
    ]
  },
  "pipeline":[
    "tok2vec",
    "ner"
  ],
  "components":[
    "tok2vec",
    "ner"
  ],
  "disabled":[

  ],
  "performance":{
    "ents_f":0.6005859947,
    "ents_p":0.5942482751,
    "ents_r":0.6070603566,
    "ents_per_type":{
      "NAME":{
        "p":0.8375634518,
        "r":0.975177305,
        "f":0.9011469143
      },
      "LOCATION":{
        "p":0.5458089669,
        "r":0.7674737323,
        "f":0.637934308
      },
      "EMAIL ADDRESS":{
        "p":0.7827403482,
        "r":0.9298561151,
        "f":0.8499794492
      },
      "COMPANIES WORKED AT":{
        "p":0.616866797,
        "r":0.6635626314,
        "f":0.6393632417
      },
      "DEGREE":{
        "p":0.6324137931,
        "r":0.7771186441,
        "f":0.697338403
      },
      "COLLEGE NAME":{
        "p":0.5008944544,
        "r":0.8259587021,
        "f":0.6236080178
      },
      "GRADUATION YEAR":{
        "p":0.3566552901,
        "r":0.5478374836,
        "f":0.4320413437
      },
      "SKILLS":{
        "p":0.4004106776,
        "r":0.1614906832,
        "f":0.2301563883
      },
      "DESIGNATION":{
        "p":0.6446476965,
        "r":0.6453034927,
        "f":0.6449754279
      },
      "YEARS OF EXPERIENCE":{
        "p":0.5,
        "r":0.0248833593,
        "f":0.0474074074
      },
      "PROJECTS":{
        "p":0.0,
        "r":0.0,
        "f":0.0
      },
      "LINKS":{
        "p":0.68,
        "r":0.2098765432,
        "f":0.320754717
      },
      "CAN RELOCATE TO":{
        "p":0.0,
        "r":0.0,
        "f":0.0
      },
      "UNKNOWN":{
        "p":0.0,
        "r":0.0,
        "f":0.0
      },
      "REWARDS AND ACHIEVEMENTS":{
        "p":0.0,
        "r":0.0,
        "f":0.0
      },
      "ADDRESS":{
        "p":0.0,
        "r":0.0,
        "f":0.0
      },
      "UNIVERSITY":{
        "p":0.0,
        "r":0.0,
        "f":0.0
      },
      "RELOCATE TO":{
        "p":0.0,
        "r":0.0,
        "f":0.0
      },
      "CERTIFICATIONS":{
        "p":0.0,
        "r":0.0,
        "f":0.0
      },
      "STATE":{
        "p":0.0,
        "r":0.0,
        "f":0.0
      },
      "COLLEGE":{
        "p":0.0,
        "r":0.0,
        "f":0.0
      },
      "TRAINING":{
        "p":0.0,
        "r":0.0,
        "f":0.0
      },
      "DES":{
        "p":0.0,
        "r":0.0,
        "f":0.0
      },
      "ABC":{
        "p":0.0,
        "r":0.0,
        "f":0.0
      }
    },
    "tok2vec_loss":3494.8083715923,
    "ner_loss":4391.4204946446
  }
}